Employee #,First Name,Last Name,Birthday,Hourly Rate,Rice Subsidy,Phone Allowance,Clothing Allowance,Status,Position,Basic Salary,Phone Number,SSS #,Philhealth #,TIN #,Pag-ibig #,Immediate Supervisor,Gross Semi-monthly Rate,Address
10001,Manuel III,Garcia,11-Oct-83,535.71,1500,2000,1000,Regular,Chief_Executive_Officer,"90,000",966-860-270,44-4506057-3,8.20127E+11,442-605-657-000,691295-33-0870,N/A,"45,000","Valero Carpark Building Valero Street 1227, Makati City"
10002,Antonio,Lim,19-Jun-88,357.14,1500,2000,1000,Regular,Chief_Operating_Officer,"60,000",171-867-411,52-2061274-9,3.31736E+11,683-102-776-000,663904-99-5411,"Garcia, Manuel III","30,000","San Antonio De Padua 2, Block 1 Lot 8 and 2, Dasmarinas, Cavite"
10003,Bianca Sofia,Aquino,4-Aug-89,357.14,1500,2000,1000,Regular,Chief_Finance_Officer,"60,000",966-889-370,30-8870406-2,1.77451E+11,971-711-280-000,171519-77-3969,"Garcia, Manuel III","30,000","Rm. 402 4/F Jiao Building Timog Avenue Cor. Quezon Avenue 1100, Quezon City"
10004,Isabella,Reyes,16-Jun-94,357.14,1500,2000,1000,Regular,Chief_Marketing_Officer,"60,000",786-868-477,40-2511815-0,3.41911E+11,876-809-437-000,416946-77-6041,"Garcia, Manuel III","30,000","460 Solanda Street Intramuros 1000, Manila"
10005,Eduard,Hernandez,23-Sep-89,313.51,1500,1000,1000,Regular,IT_Operations_and_Systems,"52,670",088-861-012,50-5577638-1,9.57436E+11,031-702-374-000,952347-22-2457,"Lim, Antonio","26,335","National Highway, Gingoog,  Misamis Occidental"
10006,Andrea Mae,Villanueva,14-Feb-88,313.51,1500,1000,1000,Regular,HR_Manager,"52,670",918-621-603,49-1632020-8,3.82189E+11,317-674-022-000,441093-36-9646,"Lim, Antonio","26,335","17/85 Stracke Via Suite 042, Poblacion, Las Piñas 4783 Dinagat Islands "
10007,Brad ,San Jose,15-Mar-96,255.8,1500,800,800,Regular,HR_Team_Leader,"42,975",797-009-261,40-2400714-1,2.39193E+11,672-474-690-000,210850-20-9964,"Villanueva, Andrea Mae","21,488","99 Strosin Hills, Poblacion, Bislig 5340 Tawi-Tawi"
10008,Alice,Romualdez,14-May-92,133.93,1500,500,500,Regular,HR_Rank_and_File,"22,500",983-606-799,55-4476527-2,5.45653E+11,888-572-294-000,211385-55-6888,"San, Jose Brad","11,250","12A/33 Upton Isle Apt. 420, Roxas City 1814 Surigao del Norte "
10009,Rosie ,Atienza,24-Sep-48,133.93,1500,500,500,Regular,HR_Rank_and_File,"22,500",266-036-427,41-0644692-3,7.08988E+11,604-997-793-000,260107-73-2354,"San, Jose Brad","11,250","90A Dibbert Terrace Apt. 190, San Lorenzo 6056 Davao del Norte"
10010,Roderick,Alvaro,30-Mar-88,313.51,1500,1000,1000,Regular,Accounting_Head,"52,670",053-381-386,64-7605054-4,5.78115E+11,525-420-419-000,799254-09-5212,"Aquino, Bianca Sofia ","26,335","#284 T. Morato corner, Scout Rallos Street, Quezon City"
10011,Anthony,Salcedo,14-Sep-93,302.53,1500,1000,1000,Regular,Payroll_Manager,"50,825",070-766-300,26-9647608-3,1.26445E+11,210-805-911-000,218002-47-3454,"Alvaro, Roderick","25,413","93/54 Shanahan Alley Apt. 183, Santo Tomas 1572 Masbate"
10012,Josie ,Lopez,14-Jan-87,229.02,1500,800,800,Regular,Payroll_Team_Leader,"38,475",478-355-427,44-8563448-3,4.31709E+11,218-489-737-000,113071-29-3354,"Salcedo, Anthony","19,238","49 Springs Apt. 266, Poblacion, Taguig 3200 Occidental Mindoro"
10013,Martha,Farala,11-Jan-42,142.86,1500,500,500,Regular,Payroll_Rank_and_File,"24,000",329-034-366,45-5656375-0,2.33694E+11,210-835-851-000,631130-28-3546,"Salcedo, Anthony","12,000","42/25 Sawayn Stream, Ubay 1208 Zamboanga del Norte "
10014,Leila,Martinez,11-Jul-70,142.86,1500,500,500,Regular,Payroll_Rank_and_File,"24,000",877-110-749,27-2090996-4,5.15741E+11,275-792-513-000,101205-44-5886,"Salcedo, Anthony","12,000","37/46 Kulas Roads, Maragondon 0962 Quirino "
10015,Fredrick ,Romualdez,10-Mar-85,318.45,1500,1000,1000,Regular,Account_Manager,"53,500",023-079-009,26-8768374-1,3.08367E+11,598-065-761-000,223057-70-7853,"Lim, Antonio","26,750","22A/52 Lubowitz Meadows, Pililla 4895 Zambales"
10016,Christian,Mata,21-Oct-87,255.8,1500,800,800,Regular,Account_Team_Leader,"42,975",783-776-744,49-2959312-6,8.24188E+11,103-100-522-000,631052-85-3464,"Romualdez, Fredrick ","21,488","90 O'Keefe Spur Apt. 379, Catigbian 2772 Sulu "
10017,Selena ,De Leon,20-Feb-75,249.11,1500,800,800,Regular,Account_Team_Leader,"41,850",975-432-139,27-2090208-8,5.87272E+11,482-259-498-000,719007-60-8464,"Romualdez, Fredrick ","20,925","89A Armstrong Trace, Compostela 7874 Maguindanao"
10018,Allison ,San Jose,24-Jun-86,133.93,1500,500,500,Regular,Account Rank_and_File,"22,500",179-075-129,45-3251383-0,7.45148E+11,121-203-336-000,114901-85-9343,"Mata, Christian","11,250","08 Grant Drive Suite 406, Poblacion, Iloilo City 9186 La Union"
10019,Cydney ,Rosario,6-Oct-96,133.93,1500,500,500,Regular,Account Rank_and_File,"22,500",868-819-912,49-1629900-2,5.79253E+11,122-244-511-000,265104-35-8643,"Mata, Christian","11,250","93A/21 Berge Points, Tapaz 2180 Quezon"
10020,Mark ,Bautista,12-Feb-91,138.39,1500,500,500,Regular,Account Rank_and_File,"23,250",683-725-348,49-1647342-5,3.99665E+11,273-970-941-000,260054-58-5575,"Mata, Christian","11,625","65 Murphy Center Suite 094, Poblacion, Palayan 5636 Quirino"
10021,Darlene ,Lazaro,25-Nov-85,138.39,1500,500,500,Probationary,Account Rank_and_File,"23,250",740-721-558,45-5617168-2,6.06387E+11,354-650-951-000,104907-70-8845,"Mata, Christian","11,625","47A/94 Larkin Plaza Apt. 179, Poblacion, Caloocan 2751 Quirino"
10022,Kolby ,Delos Santos,26-Feb-80,142.86,1500,500,500,Probationary,Account Rank_and_File,"24,000",739-443-033,52-0109570-6,3.57451E+11,187-500-345-000,113017-98-8667,"Mata, Christian","12,000","06A Gulgowski Extensions, Bongabon 6085 Zamboanga del Sur"
10023,Vella ,Santos,31-Dec-83,133.93,1500,500,500,Probationary,Account Rank_and_File,"22,500",955-879-269,52-9883524-3,5.4867E+11,101-558-994-000,360028-10-4576,"Mata, Christian","11,250","99A Padberg Spring, Poblacion, Mabalacat 3959 Lanao del Sur"
10024,Tomas,Del Rosario,18-Dec-78,133.93,1500,500,500,Probationary,Account Rank_and_File,"22,500",882-550-989,45-5866331-6,9.53902E+11,560-735-732-000,913108-64-9964,"Mata, Christian","11,250","80A/48 Ledner Ridges, Poblacion, Kabankalan 8870 Marinduque"
10025,Jacklyn ,Tolentino,19-May-84,142.86,1500,500,500,Probationary,Account Rank_and_File,"24,000",675-757-366,47-1692793-0,7.53801E+11,841-177-857-000,210546-66-1243,"De Leon, Selena","12,000","96/48 Watsica Flats Suite 734, Poblacion, Malolos 1844 Ifugao"
10026,Percival ,Gutierrez,18-Dec-70,147.32,1500,500,500,Probationary,Account Rank_and_File,"24,750",512-899-876,40-9504657-8,7.97639E+11,502-995-671-000,210897-09-5686,"De Leon, Selena","12,375","58A Wilderman Walks, Poblacion, Digos 5822 Davao del Sur"
10027,Garfield ,Manalaysay,28-Aug-86,147.32,1500,500,500,Probationary,Account Rank_and_File,"24,750",948-628-136,45-3298166-4,8.10909E+11,336-676-445-000,211274-47-6563,"De Leon, Selena","12,375","60 Goyette Valley Suite 219, Poblacion, Tabuk 3159 Lanao del Sur"
10028,Lizeth ,Villegas,12-Dec-81,142.86,1500,500,500,Probationary,Account Rank_and_File,"24,000",332-372-215,40-2400719-4,9.3439E+11,210-395-397-000,122238-07-7997,"De Leon, Selena","12,000","66/77 Mann Views, Luisiana 1263 Dinagat Islands"
10029,Carol ,Ramos,20-Aug-78,133.93,1500,500,500,Probationary,Account Rank_and_File,"22,500",250-700-389,60-1152206-4,3.5183E+11,395-032-717-000,212141-89-3454,"De Leon, Selena","11,250","72/70 Stamm Spurs, Bustos 4550 Iloilo"
10030,Emelia ,Maceda,14-Apr-73,133.93,1500,500,500,Probationary,Account Rank_and_File,"22,500",973-358-041,54-1331005-0,4.65088E+11,215-973-013-000,515012-57-9765,"De Leon, Selena","11,250","50A/83 Bahringer Oval Suite 145, Kiamba 7688 Nueva Ecija"
10031,Delia ,Aguilar,27-Jan-89,133.93,1500,500,500,Probationary,Account Rank_and_File,"22,500",529-705-439,52-1859253-1,1.36451E+11,599-312-588-000,110018-81-3465,"De Leon, Selena","11,250","95 Cremin Junction, Surallah 2809 Cotabato"
10032,John Rafael,Castro,9-Feb-92,313.51,1500,1000,1000,Regular,Sales_&_Marketing,"52,670",332-424-955 ,26-7145133-4,6.01645E+11,404-768-309-000,697764-06-9311,"Reyes, Isabella","26,335","Hi-way, Yati, Liloan Cebu"
10033,Carlos Ian,Martinez,16-Nov-90,313.51,1500,1000,1000,Regular,Supply_Chain_and_Logistics,"52,670",078-854-208,11-5062972-7,3.80685E+11,256-436-296-000,993372-96-3726,"Reyes, Isabella","26,335","Bulala, Camalaniugan"
10034,Beatriz,Santos,7-Aug-90,313.51,1500,1000,1000,Regular,Customer_Service_and_Relations,"52,670",526-639-511,20-2987501-5,9.1846E+11,911-529-713-000,874042-25-9378,"Reyes, Isabella","26,335","Agapita Building, Metro Manila"
